"","GameID"
"1",52
"2",55
"3",56
"4",57
"5",58
"6",60
"7",61
"8",72
"9",77
"10",81
"11",83
"12",93
"13",97
"14",98
"15",100
"16",102
"17",105
"18",106
"19",118
"20",127
"21",132
"22",138
"23",139
"24",140
"25",141
"26",142
"27",144
"28",149
"29",154
"30",158
"31",160
"32",161
"33",162
"34",163
"35",168
"36",169
"37",171
"38",175
"39",178
"40",180
"41",181
"42",182
"43",184
"44",187
"45",193
"46",194
"47",196
"48",201
"49",203
"50",204
"51",209
"52",210
"53",212
"54",213
"55",215
"56",219
"57",220
"58",223
"59",225
"60",226
"61",228
"62",229
"63",230
"64",234
"65",235
"66",240
"67",244
"68",246
"69",250
"70",251
"71",256
"72",257
"73",260
"74",263
"75",264
"76",265
"77",266
"78",267
"79",268
"80",272
"81",280
"82",281
"83",284
"84",288
"85",290
"86",297
"87",299
"88",301
"89",302
"90",305
"91",312
"92",314
"93",316
"94",318
"95",320
"96",321
"97",329
"98",333
"99",336
"100",338
"101",339
"102",342
"103",350
"104",351
"105",357
"106",361
"107",363
"108",366
"109",371
"110",378
"111",381
"112",383
"113",384
"114",388
"115",389
"116",392
"117",393
"118",394
"119",396
"120",398
"121",400
"122",401
"123",403
"124",407
"125",408
"126",411
"127",418
"128",422
"129",423
"130",424
"131",426
"132",434
"133",435
"134",436
"135",438
"136",439
"137",442
"138",443
"139",444
"140",449
"141",454
"142",455
"143",457
"144",458
"145",464
"146",466
"147",473
"148",475
"149",476
"150",480
"151",490
"152",497
"153",506
"154",508
"155",509
"156",511
"157",512
"158",513
"159",514
"160",517
"161",519
"162",523
"163",525
"164",526
"165",527
"166",529
"167",531
"168",532
"169",535
"170",536
"171",540
"172",542
"173",545
"174",546
"175",547
"176",557
"177",560
"178",568
"179",569
"180",570
"181",572
"182",576
"183",578
"184",581
"185",584
"186",585
"187",588
"188",590
"189",591
"190",600
"191",601
"192",604
"193",607
"194",608
"195",609
"196",611
"197",614
"198",616
"199",621
"200",623
"201",626
"202",628
"203",629
"204",630
"205",631
"206",632
"207",633
"208",636
"209",637
"210",638
"211",643
"212",645
"213",649
"214",650
"215",651
"216",652
"217",654
"218",655
"219",656
"220",664
"221",666
"222",672
"223",674
"224",680
"225",681
"226",683
"227",685
"228",689
"229",691
"230",692
"231",694
"232",699
"233",701
"234",703
"235",704
"236",705
"237",710
"238",711
"239",712
"240",713
"241",716
"242",720
"243",722
"244",723
"245",724
"246",730
"247",731
"248",732
"249",735
"250",736
"251",739
"252",746
"253",747
"254",750
"255",751
"256",754
"257",756
"258",758
"259",759
"260",760
"261",762
"262",765
"263",766
"264",771
"265",774
"266",776
"267",779
"268",780
"269",781
"270",784
"271",787
"272",788
"273",789
"274",790
"275",792
"276",793
"277",796
"278",797
"279",798
"280",799
"281",813
"282",816
"283",818
"284",819
"285",822
"286",824
"287",833
"288",834
"289",836
"290",837
"291",841
"292",842
"293",843
"294",849
"295",851
"296",865
"297",866
"298",872
"299",874
"300",875
"301",877
"302",883
"303",887
"304",888
"305",891
"306",892
"307",893
"308",898
"309",900
"310",901
"311",902
"312",905
"313",910
"314",912
"315",915
"316",921
"317",928
"318",931
"319",941
"320",942
"321",953
"322",958
"323",961
"324",966
"325",967
"326",970
"327",974
"328",975
"329",979
"330",981
"331",987
"332",993
"333",995
"334",997
"335",998
"336",1000
"337",1004
"338",1008
"339",1009
"340",1010
"341",1013
"342",1016
"343",1021
"344",1023
"345",1025
"346",1029
"347",1030
"348",1031
"349",1032
"350",1033
"351",1034
"352",1043
"353",1047
"354",1053
"355",1055
"356",1061
"357",1062
"358",1063
"359",1064
"360",1070
"361",1071
"362",1074
"363",1076
"364",1077
"365",1083
"366",1091
"367",1093
"368",1094
"369",1096
"370",1105
"371",1106
"372",1107
"373",1108
"374",1110
"375",1111
"376",1118
"377",1124
"378",1125
"379",1127
"380",1128
"381",1132
"382",1133
"383",1137
"384",1141
"385",1143
"386",1150
"387",1154
"388",1156
"389",1159
"390",1164
"391",1167
"392",1168
"393",1169
"394",1172
"395",1173
"396",1174
"397",1175
"398",1178
"399",1179
"400",1182
"401",1193
"402",1196
"403",1207
"404",1208
"405",1210
"406",1211
"407",1212
"408",1216
"409",1221
"410",1228
"411",1230
"412",1232
"413",1233
"414",1235
"415",1237
"416",1238
"417",1240
"418",1241
"419",1247
"420",1248
"421",1249
"422",1253
"423",1255
"424",1256
"425",1259
"426",1262
"427",1264
"428",1265
"429",1273
"430",1274
"431",1275
"432",1277
"433",1279
"434",1281
"435",1285
"436",1286
"437",1289
"438",1291
"439",1292
"440",1293
"441",1298
"442",1299
"443",1301
"444",1302
"445",1309
"446",1310
"447",1312
"448",1314
"449",1318
"450",1319
"451",1325
"452",1333
"453",1335
"454",1336
"455",1337
"456",1338
"457",1339
"458",1340
"459",1341
"460",1344
"461",1346
"462",1347
"463",1348
"464",1351
"465",1352
"466",1356
"467",1358
"468",1361
"469",1364
"470",1365
"471",1366
"472",1369
"473",1375
"474",1379
"475",1380
"476",1382
"477",1383
"478",1389
"479",1390
"480",1392
"481",1397
"482",1399
"483",1402
"484",1403
"485",1408
"486",1411
"487",1413
"488",1414
"489",1416
"490",1417
"491",1422
"492",1427
"493",1430
"494",1431
"495",1433
"496",1436
"497",1439
"498",1447
"499",1454
"500",1455
"501",1463
"502",1464
"503",1468
"504",1469
"505",1476
"506",1477
"507",1478
"508",1479
"509",1482
"510",1484
"511",1486
"512",1488
"513",1491
"514",1493
"515",1495
"516",1496
"517",1498
"518",1502
"519",1506
"520",1514
"521",1518
"522",1520
"523",1521
"524",1525
"525",1526
"526",1530
"527",1534
"528",1535
"529",1537
"530",1541
"531",1542
"532",1543
"533",1545
"534",1551
"535",1552
"536",1553
"537",1555
"538",1559
"539",1562
"540",1563
"541",1564
"542",1565
"543",1566
"544",1568
"545",1575
"546",1576
"547",1578
"548",1580
"549",1582
"550",1583
"551",1588
"552",1589
"553",1591
"554",1595
"555",1599
"556",1603
"557",1604
"558",1605
"559",1606
"560",1607
"561",1609
"562",1611
"563",1615
"564",1616
"565",1620
"566",1621
"567",1623
"568",1624
"569",1626
"570",1629
"571",1634
"572",1640
"573",1642
"574",1648
"575",1649
"576",1653
"577",1655
"578",1661
"579",1663
"580",1664
"581",1665
"582",1666
"583",1673
"584",1676
"585",1679
"586",1681
"587",1686
"588",1688
"589",1692
"590",1696
"591",1701
"592",1704
"593",1705
"594",1709
"595",1712
"596",1713
"597",1714
"598",1719
"599",1731
"600",1733
"601",1734
"602",1742
"603",1745
"604",1748
"605",1751
"606",1752
"607",1753
"608",1754
"609",1755
"610",1756
"611",1757
"612",1758
"613",1763
"614",1767
"615",1768
"616",1769
"617",1770
"618",1771
"619",1774
"620",1775
"621",1780
"622",1781
"623",1782
"624",1784
"625",1789
"626",1793
"627",1796
"628",1799
"629",1807
"630",1809
"631",1810
"632",1811
"633",1814
"634",1816
"635",1817
"636",1820
"637",1822
"638",1824
"639",1825
"640",1826
"641",1830
"642",1839
"643",1848
"644",1850
"645",1852
"646",1855
"647",1858
"648",1860
"649",1861
"650",1862
"651",1863
"652",1864
"653",1865
"654",1866
"655",1875
"656",1876
"657",1885
"658",1886
"659",1890
"660",1901
"661",1902
"662",1905
"663",1913
"664",1914
"665",1915
"666",1917
"667",1920
"668",1921
"669",1924
"670",1925
"671",1926
"672",1927
"673",1930
"674",1937
"675",1939
"676",1944
"677",1947
"678",1949
"679",1953
"680",1959
"681",1966
"682",1969
"683",1972
"684",1974
"685",1979
"686",1982
"687",1983
"688",1988
"689",1991
"690",1995
"691",2000
"692",2001
"693",2012
"694",2013
"695",2014
"696",2020
"697",2023
"698",2024
"699",2029
"700",2034
"701",2039
"702",2040
"703",2043
"704",2044
"705",2045
"706",2048
"707",2050
"708",2051
"709",2055
"710",2058
"711",2068
"712",2070
"713",2071
"714",2076
"715",2077
"716",2079
"717",2082
"718",2089
"719",2090
"720",2091
"721",2092
"722",2095
"723",2099
"724",2101
"725",2105
"726",2109
"727",2110
"728",2123
"729",2125
"730",2128
"731",2129
"732",2130
"733",2138
"734",2142
"735",2143
"736",2146
"737",2147
"738",2153
"739",2159
"740",2161
"741",2162
"742",2166
"743",2170
"744",2175
"745",2176
"746",2178
"747",2182
"748",2183
"749",2184
"750",2186
"751",2188
"752",2191
"753",2195
"754",2198
"755",2199
"756",2209
"757",2211
"758",2212
"759",2214
"760",2220
"761",2221
"762",2224
"763",2226
"764",2228
"765",2229
"766",2231
"767",2232
"768",2233
"769",2237
"770",2241
"771",2246
"772",2247
"773",2249
"774",2250
"775",2253
"776",2257
"777",2261
"778",2263
"779",2264
"780",2271
"781",2276
"782",2278
"783",2279
"784",2280
"785",2284
"786",2291
"787",2297
"788",2299
"789",2306
"790",2307
"791",2308
"792",2309
"793",2310
"794",2311
"795",2314
"796",2317
"797",2319
"798",2323
"799",2327
"800",2331
"801",2332
"802",2333
"803",2336
"804",2338
"805",2341
"806",2343
"807",2345
"808",2346
"809",2348
"810",2351
"811",2352
"812",2353
"813",2358
"814",2367
"815",2373
"816",2374
"817",2375
"818",2380
"819",2384
"820",2391
"821",2392
"822",2393
"823",2395
"824",2396
"825",2397
"826",2398
"827",2399
"828",2402
"829",2404
"830",2405
"831",2406
"832",2408
"833",2412
"834",2417
"835",2421
"836",2423
"837",2424
"838",2430
"839",2433
"840",2435
"841",2441
"842",2442
"843",2444
"844",2448
"845",2449
"846",2454
"847",2458
"848",2461
"849",2464
"850",2465
"851",2469
"852",2472
"853",2475
"854",2476
"855",2478
"856",2482
"857",2484
"858",2487
"859",2489
"860",2495
"861",2499
"862",2505
"863",2509
"864",2512
"865",2518
"866",2520
"867",2521
"868",2522
"869",2526
"870",2527
"871",2531
"872",2532
"873",2533
"874",2538
"875",2539
"876",2540
"877",2541
"878",2543
"879",2545
"880",2548
"881",2549
"882",2554
"883",2557
"884",2563
"885",2564
"886",2570
"887",2572
"888",2575
"889",2579
"890",2581
"891",2584
"892",2590
"893",2591
"894",2592
"895",2602
"896",2606
"897",2610
"898",2612
"899",2613
"900",2614
"901",2618
"902",2622
"903",2624
"904",2625
"905",2626
"906",2633
"907",2635
"908",2639
"909",2642
"910",2644
"911",2646
"912",2649
"913",2652
"914",2653
"915",2655
"916",2656
"917",2657
"918",2658
"919",2660
"920",2661
"921",2662
"922",2666
"923",2670
"924",2673
"925",2677
"926",2679
"927",2682
"928",2683
"929",2691
"930",2693
"931",2694
"932",2697
"933",2698
"934",2700
"935",2702
"936",2706
"937",2709
"938",2712
"939",2713
"940",2717
"941",2719
"942",2721
"943",2722
"944",2723
"945",2726
"946",2727
"947",2729
"948",2733
"949",2735
"950",2740
"951",2745
"952",2748
"953",2750
"954",2754
"955",2756
"956",2758
"957",2759
"958",2769
"959",2772
"960",2773
"961",2780
"962",2783
"963",2787
"964",2788
"965",2791
"966",2792
"967",2794
"968",2798
"969",2813
"970",2817
"971",2819
"972",2820
"973",2821
"974",2824
"975",2825
"976",2826
"977",2829
"978",2830
"979",2831
"980",2833
"981",2834
"982",2835
"983",2837
"984",2851
"985",2856
"986",2859
"987",2865
"988",2867
"989",2868
"990",2878
"991",2881
"992",2885
"993",2886
"994",2888
"995",2889
"996",2895
"997",2899
"998",2900
"999",2904
"1000",2905
"1001",2906
"1002",2912
"1003",2913
"1004",2915
"1005",2916
"1006",2920
"1007",2923
"1008",2924
"1009",2925
"1010",2926
"1011",2928
"1012",2930
"1013",2931
"1014",2932
"1015",2936
"1016",2938
"1017",2939
"1018",2940
"1019",2943
"1020",2944
"1021",2947
"1022",2949
"1023",2952
"1024",2953
"1025",2954
"1026",2955
"1027",2958
"1028",2960
"1029",2962
"1030",2963
"1031",2970
"1032",2973
"1033",2974
"1034",2977
"1035",2978
"1036",2982
"1037",2984
"1038",2985
"1039",2988
"1040",2989
"1041",2995
"1042",2997
"1043",3007
"1044",3012
"1045",3014
"1046",3015
"1047",3020
"1048",3023
"1049",3024
"1050",3025
"1051",3027
"1052",3031
"1053",3033
"1054",3037
"1055",3044
"1056",3046
"1057",3049
"1058",3050
"1059",3052
"1060",3053
"1061",3054
"1062",3058
"1063",3059
"1064",3061
"1065",3062
"1066",3066
"1067",3070
"1068",3072
"1069",3074
"1070",3079
"1071",3081
"1072",3082
"1073",3090
"1074",3091
"1075",3092
"1076",3095
"1077",3097
"1078",3099
"1079",3101
"1080",3103
"1081",3104
"1082",3105
"1083",3110
"1084",3114
"1085",3116
"1086",3117
"1087",3118
"1088",3120
"1089",3122
"1090",3123
"1091",3125
"1092",3127
"1093",3131
"1094",3132
"1095",3135
"1096",3137
"1097",3139
"1098",3141
"1099",3144
"1100",3146
"1101",3147
"1102",3151
"1103",3152
"1104",3153
"1105",3155
"1106",3157
"1107",3161
"1108",3164
"1109",3166
"1110",3169
"1111",3173
"1112",3179
"1113",3180
"1114",3181
"1115",3182
"1116",3183
"1117",3186
"1118",3192
"1119",3196
"1120",3210
"1121",3218
"1122",3220
"1123",3222
"1124",3227
"1125",3231
"1126",3233
"1127",3234
"1128",3235
"1129",3236
"1130",3237
"1131",3243
"1132",3244
"1133",3248
"1134",3252
"1135",3256
"1136",3257
"1137",3258
"1138",3261
"1139",3263
"1140",3265
"1141",3267
"1142",3275
"1143",3277
"1144",3278
"1145",3279
"1146",3281
"1147",3283
"1148",3285
"1149",3287
"1150",3289
"1151",3295
"1152",3300
"1153",3302
"1154",3305
"1155",3306
"1156",3307
"1157",3309
"1158",3310
"1159",3311
"1160",3313
"1161",3317
"1162",3321
"1163",3323
"1164",3328
"1165",3332
"1166",3333
"1167",3339
"1168",3341
"1169",3344
"1170",3345
"1171",3348
"1172",3350
"1173",3352
"1174",3355
"1175",3356
"1176",3360
"1177",3364
"1178",3367
"1179",3368
"1180",3369
"1181",3370
"1182",3372
"1183",3384
"1184",3385
"1185",3389
"1186",3393
"1187",3394
"1188",3395
"1189",3401
"1190",3405
"1191",3408
"1192",3415
"1193",3419
"1194",3423
"1195",3426
"1196",3428
"1197",3435
"1198",3436
"1199",3439
"1200",3444
"1201",3448
"1202",3449
"1203",3452
"1204",3454
"1205",3457
"1206",3458
"1207",3461
"1208",3467
"1209",3468
"1210",3473
"1211",3478
"1212",3487
"1213",3488
"1214",3494
"1215",3496
"1216",3497
"1217",3500
"1218",3506
"1219",3514
"1220",3520
"1221",3524
"1222",3527
"1223",3530
"1224",3535
"1225",3538
"1226",3539
"1227",3540
"1228",3551
"1229",3554
"1230",3558
"1231",3559
"1232",3564
"1233",3565
"1234",3572
"1235",3578
"1236",3580
"1237",3584
"1238",3587
"1239",3589
"1240",3590
"1241",3598
"1242",3599
"1243",3600
"1244",3604
"1245",3610
"1246",3612
"1247",3614
"1248",3619
"1249",3621
"1250",3628
"1251",3633
"1252",3635
"1253",3636
"1254",3639
"1255",3641
"1256",3643
"1257",3651
"1258",3655
"1259",3659
"1260",3661
"1261",3667
"1262",3671
"1263",3678
"1264",3679
"1265",3680
"1266",3683
"1267",3684
"1268",3685
"1269",3689
"1270",3695
"1271",3705
"1272",3710
"1273",3717
"1274",3720
"1275",3721
"1276",3722
"1277",3723
"1278",3726
"1279",3727
"1280",3730
"1281",3733
"1282",3734
"1283",3735
"1284",3738
"1285",3740
"1286",3741
"1287",3743
"1288",3747
"1289",3749
"1290",3750
"1291",3751
"1292",3752
"1293",3755
"1294",3757
"1295",3759
"1296",3761
"1297",3762
"1298",3764
"1299",3767
"1300",3768
"1301",3769
"1302",3772
"1303",3773
"1304",3777
"1305",3782
"1306",3783
"1307",3787
"1308",3789
"1309",3790
"1310",3795
"1311",3797
"1312",3801
"1313",3802
"1314",3804
"1315",3806
"1316",3807
"1317",3808
"1318",3809
"1319",3810
"1320",3816
"1321",3821
"1322",3823
"1323",3824
"1324",3826
"1325",3831
"1326",3834
"1327",3835
"1328",3836
"1329",3837
"1330",3840
"1331",3841
"1332",3842
"1333",3843
"1334",3844
"1335",3846
"1336",3849
"1337",3850
"1338",3856
"1339",3857
"1340",3860
"1341",3861
"1342",3862
"1343",3863
"1344",3864
"1345",3866
"1346",3867
"1347",3868
"1348",3869
"1349",3874
"1350",3875
"1351",3880
"1352",3883
"1353",3884
"1354",3887
"1355",3891
"1356",3894
"1357",3896
"1358",3897
"1359",3899
"1360",3900
"1361",3901
"1362",3902
"1363",3903
"1364",3905
"1365",3912
"1366",3915
"1367",3918
"1368",3920
"1369",3923
"1370",3927
"1371",3935
"1372",3938
"1373",3939
"1374",3942
"1375",3945
"1376",3948
"1377",3950
"1378",3961
"1379",3966
"1380",3968
"1381",3971
"1382",3983
"1383",3984
"1384",3986
"1385",3988
"1386",3991
"1387",3999
"1388",4006
"1389",4007
"1390",4008
"1391",4012
"1392",4017
"1393",4019
"1394",4022
"1395",4028
"1396",4029
"1397",4035
"1398",4039
"1399",4050
"1400",4054
"1401",4060
"1402",4064
"1403",4065
"1404",4067
"1405",4068
"1406",4071
"1407",4072
"1408",4073
"1409",4074
"1410",4075
"1411",4076
"1412",4080
"1413",4081
"1414",4091
"1415",4094
"1416",4095
"1417",4097
"1418",4098
"1419",4100
"1420",4104
"1421",4107
"1422",4110
"1423",4111
"1424",4113
"1425",4114
"1426",4116
"1427",4121
"1428",4122
"1429",4123
"1430",4127
"1431",4128
"1432",4129
"1433",4130
"1434",4133
"1435",4135
"1436",4136
"1437",4140
"1438",4143
"1439",4144
"1440",4150
"1441",4151
"1442",4154
"1443",4157
"1444",4160
"1445",4161
"1446",4162
"1447",4167
"1448",4170
"1449",4172
"1450",4173
"1451",4174
"1452",4175
"1453",4176
"1454",4177
"1455",4181
"1456",4182
"1457",4183
"1458",4185
"1459",4187
"1460",4188
"1461",4190
"1462",4191
"1463",4193
"1464",4198
"1465",4200
"1466",4205
"1467",4217
"1468",4226
"1469",4227
"1470",4229
"1471",4232
"1472",4238
"1473",4239
"1474",4240
"1475",4244
"1476",4254
"1477",4256
"1478",4258
"1479",4259
"1480",4260
"1481",4262
"1482",4263
"1483",4267
"1484",4269
"1485",4271
"1486",4273
"1487",4275
"1488",4276
"1489",4279
"1490",4281
"1491",4283
"1492",4285
"1493",4289
"1494",4290
"1495",4291
"1496",4293
"1497",4295
"1498",4301
"1499",4302
"1500",4312
"1501",4314
"1502",4319
"1503",4320
"1504",4323
"1505",4324
"1506",4325
"1507",4326
"1508",4334
"1509",4335
"1510",4338
"1511",4339
"1512",4341
"1513",4343
"1514",4344
"1515",4349
"1516",4350
"1517",4353
"1518",4356
"1519",4357
"1520",4361
"1521",4363
"1522",4367
"1523",4370
"1524",4374
"1525",4378
"1526",4383
"1527",4386
"1528",4391
"1529",4393
"1530",4396
"1531",4397
"1532",4399
"1533",4402
"1534",4408
"1535",4410
"1536",4415
"1537",4418
"1538",4421
"1539",4422
"1540",4424
"1541",4427
"1542",4433
"1543",4435
"1544",4448
"1545",4449
"1546",4459
"1547",4465
"1548",4468
"1549",4469
"1550",4472
"1551",4480
"1552",4488
"1553",4489
"1554",4497
"1555",4499
"1556",4500
"1557",4504
"1558",4506
"1559",4509
"1560",4510
"1561",4511
"1562",4512
"1563",4514
"1564",4516
"1565",4517
"1566",4520
"1567",4522
"1568",4532
"1569",4534
"1570",4535
"1571",4543
"1572",4544
"1573",4546
"1574",4551
"1575",4553
"1576",4555
"1577",4565
"1578",4569
"1579",4570
"1580",4572
"1581",4580
"1582",4581
"1583",4582
"1584",4583
"1585",4586
"1586",4587
"1587",4589
"1588",4592
"1589",4594
"1590",4595
"1591",4596
"1592",4597
"1593",4598
"1594",4599
"1595",4600
"1596",4603
"1597",4606
"1598",4607
"1599",4609
"1600",4610
"1601",4615
"1602",4616
"1603",4617
"1604",4619
"1605",4621
"1606",4626
"1607",4629
"1608",4634
"1609",4636
"1610",4638
"1611",4641
"1612",4646
"1613",4648
"1614",4652
"1615",4662
"1616",4665
"1617",4667
"1618",4668
"1619",4670
"1620",4678
"1621",4679
"1622",4682
"1623",4684
"1624",4686
"1625",4687
"1626",4694
"1627",4698
"1628",4699
"1629",4700
"1630",4701
"1631",4704
"1632",4706
"1633",4713
"1634",4715
"1635",4716
"1636",4718
"1637",4719
"1638",4721
"1639",4723
"1640",4725
"1641",4727
"1642",4728
"1643",4734
"1644",4735
"1645",4737
"1646",4739
"1647",4740
"1648",4741
"1649",4742
"1650",4743
"1651",4744
"1652",4746
"1653",4747
"1654",4752
"1655",4754
"1656",4756
"1657",4762
"1658",4763
"1659",4764
"1660",4766
"1661",4767
"1662",4769
"1663",4770
"1664",4776
"1665",4777
"1666",4778
"1667",4779
"1668",4783
"1669",4785
"1670",4787
"1671",4789
"1672",4791
"1673",4794
"1674",4801
"1675",4805
"1676",4808
"1677",4809
"1678",4817
"1679",4818
"1680",4819
"1681",4820
"1682",4827
"1683",4828
"1684",4834
"1685",4836
"1686",4839
"1687",4840
"1688",4841
"1689",4842
"1690",4846
"1691",4855
"1692",4858
"1693",4860
"1694",4862
"1695",4864
"1696",4867
"1697",4868
"1698",4874
"1699",4884
"1700",4889
"1701",4895
"1702",4898
"1703",4900
"1704",4901
"1705",4906
"1706",4910
"1707",4911
"1708",4914
"1709",4920
"1710",4923
"1711",4924
"1712",4929
"1713",4931
"1714",4934
"1715",4936
"1716",4943
"1717",4945
"1718",4947
"1719",4948
"1720",4950
"1721",4951
"1722",4953
"1723",4954
"1724",4960
"1725",4961
"1726",4964
"1727",4967
"1728",4971
"1729",4976
"1730",4978
"1731",4982
"1732",4983
"1733",4984
"1734",4985
"1735",4987
"1736",4994
"1737",4995
"1738",4998
"1739",5000
"1740",5004
"1741",5009
"1742",5013
"1743",5016
"1744",5019
"1745",5020
"1746",5030
"1747",5031
"1748",5040
"1749",5046
"1750",5049
"1751",5057
"1752",5058
"1753",5059
"1754",5060
"1755",5065
"1756",5066
"1757",5070
"1758",5071
"1759",5072
"1760",5077
"1761",5079
"1762",5084
"1763",5086
"1764",5088
"1765",5090
"1766",5091
"1767",5093
"1768",5094
"1769",5096
"1770",5097
"1771",5098
"1772",5099
"1773",5100
"1774",5101
"1775",5106
"1776",5107
"1777",5108
"1778",5110
"1779",5111
"1780",5112
"1781",5114
"1782",5115
"1783",5118
"1784",5119
"1785",5121
"1786",5122
"1787",5124
"1788",5129
"1789",5131
"1790",5133
"1791",5135
"1792",5136
"1793",5138
"1795",5141
"1796",5143
"1797",5147
"1798",5151
"1799",5152
"1800",5153
"1801",5154
"1802",5155
"1803",5157
"1804",5159
"1805",5160
"1806",5162
"1807",5163
"1808",5165
"1809",5166
"1810",5168
"1811",5170
"1812",5173
"1813",5174
"1814",5175
"1815",5180
"1816",5188
"1817",5189
"1818",5192
"1819",5194
"1820",5197
"1821",5199
"1822",5200
"1823",5202
"1824",5206
"1825",5207
"1826",5209
"1827",5213
"1828",5215
"1829",5220
"1830",5224
"1831",5227
"1832",5229
"1833",5230
"1834",5233
"1835",5235
"1836",5241
"1837",5243
"1838",5244
"1839",5245
"1840",5246
"1841",5247
"1842",5255
"1843",5256
"1844",5262
"1845",5263
"1846",5264
"1847",5268
"1848",5271
"1849",5272
"1850",5275
"1851",5283
"1852",5284
"1853",5285
"1854",5289
"1855",5295
"1856",5296
"1857",5300
"1858",5302
"1859",5303
"1860",5304
"1861",5309
"1862",5312
"1863",5315
"1864",5323
"1865",5325
"1866",5326
"1867",5331
"1868",5333
"1869",5335
"1870",5336
"1871",5339
"1872",5342
"1873",5343
"1874",5345
"1875",5351
"1876",5354
"1877",5357
"1878",5359
"1879",5360
"1880",5365
"1881",5366
"1882",5367
"1883",5372
"1884",5374
"1885",5382
"1886",5384
"1887",5386
"1888",5387
"1889",5388
"1890",5390
"1891",5393
"1892",5395
"1893",5398
"1894",5400
"1895",5402
"1896",5403
"1897",5405
"1898",5406
"1899",5407
"1900",5412
"1901",5413
"1902",5421
"1903",5422
"1904",5424
"1905",5431
"1906",5433
"1907",5434
"1908",5435
"1909",5438
"1910",5439
"1911",5442
"1912",5446
"1913",5451
"1914",5453
"1915",5456
"1916",5460
"1917",5461
"1918",5462
"1919",5464
"1920",5469
"1921",5472
"1922",5473
"1923",5475
"1924",5476
"1925",5483
"1926",5487
"1927",5488
"1928",5489
"1929",5490
"1930",5491
"1931",5493
"1932",5495
"1933",5497
"1934",5498
"1935",5503
"1936",5504
"1937",5508
"1938",5510
"1939",5515
"1940",5517
"1941",5519
"1942",5520
"1943",5521
"1944",5522
"1945",5525
"1946",5527
"1947",5532
"1948",5533
"1949",5535
"1950",5536
"1951",5538
"1952",5541
"1953",5543
"1954",5545
"1955",5547
"1956",5548
"1957",5551
"1958",5557
"1959",5558
"1960",5561
"1961",5563
"1962",5564
"1963",5566
"1964",5567
"1965",5568
"1966",5570
"1967",5571
"1968",5572
"1969",5576
"1970",5580
"1971",5582
"1972",5586
"1973",5596
"1974",5597
"1975",5599
"1976",5600
"1977",5604
"1978",5605
"1979",5610
"1980",5612
"1981",5614
"1982",5616
"1983",5617
"1984",5618
"1985",5620
"1986",5622
"1987",5623
"1988",5625
"1989",5627
"1990",5629
"1991",5634
"1992",5637
"1993",5640
"1994",5643
"1995",5644
"1996",5649
"1997",5653
"1998",5654
"1999",5655
"2000",5657
"2001",5658
"2002",5663
"2003",5666
"2004",5668
"2005",5669
"2006",5670
"2007",5671
"2008",5673
"2009",5674
"2010",5675
"2011",5678
"2012",5681
"2013",5684
"2014",5685
"2015",5688
"2016",5691
"2017",5692
"2018",5693
"2019",5697
"2020",5698
"2021",5702
"2022",5704
"2023",5707
"2024",5708
"2025",5710
"2026",5711
"2027",5713
"2028",5717
"2029",5718
"2030",5720
"2031",5729
"2032",5732
"2033",5735
"2034",5737
"2035",5738
"2036",5747
"2037",5748
"2038",5750
"2039",5751
"2040",5753
"2041",5758
"2042",5760
"2043",5762
"2044",5764
"2045",5765
"2046",5766
"2047",5768
"2048",5769
"2049",5771
"2050",5777
"2051",5781
"2052",5784
"2053",5787
"2054",5788
"2055",5796
"2056",5798
"2057",5799
"2058",5800
"2059",5802
"2060",5804
"2061",5805
"2062",5807
"2063",5809
"2064",5811
"2065",5812
"2066",5814
"2067",5815
"2068",5818
"2069",5819
"2070",5821
"2071",5823
"2072",5824
"2073",5828
"2074",5829
"2075",5831
"2076",5833
"2077",5836
"2078",5838
"2079",5840
"2080",5847
"2081",5854
"2082",5855
"2083",5856
"2084",5859
"2085",5860
"2086",5861
"2087",5864
"2088",5870
"2089",5871
"2090",5873
"2091",5877
"2092",5880
"2093",5882
"2094",5883
"2095",5888
"2096",5892
"2097",5901
"2098",5903
"2099",5905
"2100",5907
"2101",5908
"2102",5911
"2103",5915
"2104",5916
"2105",5925
"2106",5926
"2107",5927
"2108",5928
"2109",5929
"2110",5931
"2111",5933
"2112",5934
"2113",5943
"2114",5947
"2115",5948
"2116",5950
"2117",5954
"2118",5955
"2119",5956
"2120",5962
"2121",5963
"2122",5968
"2123",5970
"2124",5971
"2125",5973
"2126",5978
"2127",5979
"2128",5982
"2129",5983
"2130",5987
"2131",5988
"2132",5995
"2133",5997
"2134",5998
"2135",6000
"2136",6002
"2137",6004
"2138",6011
"2139",6012
"2140",6019
"2141",6020
"2142",6022
"2143",6034
"2144",6039
"2145",6040
"2146",6043
"2147",6046
"2148",6047
"2149",6048
"2150",6052
"2151",6055
"2152",6056
"2153",6059
"2154",6066
"2155",6067
"2156",6068
"2157",6070
"2158",6071
"2159",6072
"2160",6074
"2161",6079
"2162",6082
"2163",6083
"2164",6084
"2165",6085
"2166",6094
"2167",6098
"2168",6099
"2169",6100
"2170",6102
"2171",6107
"2172",6109
"2173",6111
"2174",6113
"2175",6114
"2176",6115
"2177",6116
"2178",6119
"2179",6120
"2180",6123
"2181",6125
"2182",6126
"2183",6130
"2184",6133
"2185",6136
"2186",6138
"2187",6143
"2188",6149
"2189",6156
"2190",6157
"2191",6159
"2192",6160
"2193",6161
"2194",6164
"2195",6167
"2196",6169
"2197",6172
"2198",6177
"2199",6180
"2200",6182
"2201",6185
"2202",6186
"2203",6189
"2204",6197
"2205",6198
"2206",6206
"2207",6215
"2208",6216
"2209",6217
"2210",6218
"2211",6219
"2212",6224
"2213",6226
"2214",6236
"2215",6237
"2216",6241
"2217",6242
"2218",6245
"2219",6248
"2220",6253
"2221",6255
"2222",6258
"2223",6262
"2224",6263
"2225",6265
"2226",6268
"2227",6269
"2228",6271
"2229",6275
"2230",6281
"2231",6282
"2232",6283
"2233",6286
"2234",6288
"2235",6289
"2236",6290
"2237",6301
"2238",6303
"2239",6305
"2240",6308
"2241",6309
"2242",6311
"2243",6316
"2244",6321
"2245",6322
"2246",6323
"2247",6324
"2248",6326
"2249",6327
"2250",6329
"2251",6334
"2252",6336
"2253",6339
"2254",6343
"2255",6344
"2256",6345
"2257",6350
"2258",6351
"2259",6352
"2260",6358
"2261",6359
"2262",6364
"2263",6368
"2264",6369
"2265",6371
"2266",6378
"2267",6380
"2268",6381
"2269",6383
"2270",6387
"2271",6390
"2272",6393
"2273",6395
"2274",6397
"2275",6402
"2276",6407
"2277",6411
"2278",6412
"2279",6420
"2280",6421
"2281",6423
"2282",6424
"2283",6425
"2284",6428
"2285",6430
"2286",6431
"2287",6432
"2288",6434
"2289",6440
"2290",6441
"2291",6442
"2292",6443
"2293",6446
"2294",6449
"2295",6452
"2296",6453
"2297",6454
"2298",6456
"2299",6457
"2300",6458
"2301",6466
"2302",6467
"2303",6469
"2304",6472
"2305",6474
"2306",6476
"2307",6478
"2308",6479
"2309",6481
"2310",6483
"2311",6484
"2312",6489
"2313",6490
"2314",6495
"2315",6496
"2316",6501
"2317",6503
"2318",6507
"2319",6509
"2320",6510
"2321",6511
"2322",6512
"2323",6514
"2324",6517
"2325",6518
"2326",6520
"2327",6522
"2328",6524
"2329",6525
"2330",6529
"2331",6531
"2332",6532
"2333",6533
"2334",6543
"2335",6545
"2336",6546
"2337",6547
"2338",6549
"2339",6550
"2340",6554
"2341",6557
"2342",6560
"2343",6565
"2344",6567
"2345",6572
"2346",6573
"2347",6576
"2348",6581
"2349",6584
"2350",6586
"2351",6587
"2352",6588
"2353",6596
"2354",6598
"2355",6600
"2356",6603
"2357",6605
"2358",6606
"2359",6608
"2360",6609
"2361",6611
"2362",6615
"2363",6618
"2364",6619
"2365",6623
"2366",6625
"2367",6627
"2368",6629
"2369",6630
"2370",6633
"2371",6638
"2372",6639
"2373",6642
"2374",6643
"2375",6645
"2376",6649
"2377",6651
"2378",6653
"2379",6655
"2380",6657
"2381",6658
"2382",6663
"2383",6664
"2384",6666
"2385",6670
"2386",6672
"2387",6678
"2388",6679
"2389",6683
"2390",6685
"2391",6686
"2392",6687
"2393",6689
"2394",6693
"2395",6695
"2396",6696
"2397",6698
"2398",6707
"2399",6708
"2400",6709
"2401",6710
"2402",6711
"2403",6715
"2404",6718
"2405",6720
"2406",6721
"2407",6728
"2408",6731
"2409",6732
"2410",6740
"2411",6741
"2412",6742
"2413",6744
"2414",6745
"2415",6747
"2416",6752
"2417",6757
"2418",6762
"2419",6767
"2420",6768
"2421",6770
"2422",6775
"2423",6778
"2424",6783
"2425",6792
"2426",6793
"2427",6794
"2428",6797
"2429",6798
"2430",6801
"2431",6802
"2432",6804
"2433",6805
"2434",6811
"2435",6812
"2436",6820
"2437",6824
"2438",6826
"2439",6829
"2440",6832
"2441",6833
"2442",6836
"2443",6840
"2444",6842
"2445",6847
"2446",6852
"2447",6853
"2448",6854
"2449",6856
"2450",6857
"2451",6865
"2452",6866
"2453",6870
"2454",6872
"2455",6874
"2456",6876
"2457",6879
"2458",6882
"2459",6888
"2460",6890
"2461",6891
"2462",6893
"2463",6894
"2464",6899
"2465",6901
"2466",6902
"2467",6904
"2468",6906
"2469",6908
"2470",6909
"2471",6913
"2472",6915
"2473",6918
"2474",6925
"2475",6927
"2476",6928
"2477",6930
"2478",6938
"2479",6942
"2480",6943
"2481",6944
"2482",6946
"2483",6947
"2484",6952
"2485",6954
"2486",6961
"2487",6963
"2488",6964
"2489",6965
"2490",6966
"2491",6967
"2492",6969
"2493",6970
"2494",6973
"2495",6974
"2496",6976
"2497",6978
"2498",6979
"2499",6980
"2500",6981
"2501",6982
"2502",6988
"2503",6989
"2504",6993
"2505",6994
"2506",6995
"2507",6996
"2508",6997
"2509",6998
"2510",7006
"2511",7009
"2512",7011
"2513",7013
"2514",7014
"2515",7015
"2516",7017
"2517",7018
"2518",7022
"2519",7023
"2520",7026
"2521",7028
"2522",7032
"2523",7033
"2524",7038
"2525",7043
"2526",7048
"2527",7049
"2528",7059
"2529",7061
"2530",7066
"2531",7068
"2532",7072
"2533",7073
"2534",7074
"2535",7077
"2536",7079
"2537",7082
"2538",7086
"2539",7090
"2540",7091
"2541",7093
"2542",7095
"2543",7096
"2544",7098
"2545",7103
"2546",7107
"2547",7110
"2548",7116
"2549",7119
"2550",7120
"2551",7124
"2552",7127
"2553",7128
"2554",7129
"2555",7134
"2556",7142
"2557",7149
"2558",7156
"2559",7160
"2560",7163
"2561",7166
"2562",7168
"2563",7169
"2564",7170
"2565",7171
"2566",7174
"2567",7182
"2568",7188
"2569",7193
"2570",7196
"2571",7200
"2572",7204
"2573",7205
"2574",7206
"2575",7208
"2576",7210
"2577",7212
"2578",7217
"2579",7221
"2580",7225
"2581",7227
"2582",7228
"2583",7229
"2584",7231
"2585",7232
"2586",7233
"2587",7234
"2588",7236
"2589",7239
"2590",7242
"2591",7245
"2592",7253
"2593",7255
"2594",7257
"2595",7258
"2596",7259
"2597",7260
"2598",7266
"2599",7267
"2600",7271
"2601",7274
"2602",7281
"2603",7282
"2604",7285
"2605",7287
"2606",7290
"2607",7291
"2608",7298
"2609",7302
"2610",7304
"2611",7305
"2612",7309
"2613",7313
"2614",7316
"2615",7320
"2616",7325
"2617",7328
"2618",7332
"2619",7333
"2620",7334
"2621",7339
"2622",7341
"2623",7347
"2624",7350
"2625",7351
"2626",7352
"2627",7354
"2628",7367
"2629",7368
"2630",7372
"2631",7374
"2632",7376
"2633",7377
"2634",7378
"2635",7379
"2636",7381
"2637",7384
"2638",7385
"2639",7387
"2640",7389
"2641",7391
"2642",7393
"2643",7394
"2644",7396
"2645",7397
"2646",7399
"2647",7402
"2648",7406
"2649",7407
"2650",7409
"2651",7411
"2652",7412
"2653",7415
"2654",7416
"2655",7419
"2656",7424
"2657",7426
"2658",7428
"2659",7430
"2660",7431
"2661",7433
"2662",7434
"2663",7435
"2664",7438
"2665",7440
"2666",7444
"2667",7446
"2668",7448
"2669",7450
"2670",7451
"2671",7453
"2672",7454
"2673",7456
"2674",7458
"2675",7459
"2676",7463
"2677",7464
"2678",7465
"2679",7471
"2680",7474
"2681",7477
"2682",7478
"2683",7479
"2684",7481
"2685",7484
"2686",7490
"2687",7493
"2688",7494
"2689",7497
"2690",7500
"2691",7504
"2692",7513
"2693",7519
"2694",7520
"2695",7523
"2696",7525
"2697",7527
"2698",7528
"2699",7529
"2700",7530
"2701",7531
"2702",7544
"2703",7548
"2704",7552
"2705",7560
"2706",7561
"2707",7563
"2708",7565
"2709",7567
"2710",7569
"2711",7571
"2712",7573
"2713",7575
"2714",7576
"2715",7579
"2716",7580
"2717",7581
"2718",7587
"2719",7590
"2720",7591
"2721",7592
"2722",7595
"2723",7598
"2724",7602
"2725",7603
"2726",7604
"2727",7608
"2728",7609
"2729",7611
"2730",7614
"2731",7616
"2732",7620
"2733",7623
"2734",7627
"2735",7628
"2736",7630
"2737",7631
"2738",7633
"2739",7634
"2740",7636
"2741",7640
"2742",7641
"2743",7645
"2744",7646
"2745",7649
"2746",7650
"2747",7654
"2748",7655
"2749",7660
"2750",7661
"2751",7663
"2752",7666
"2753",7667
"2754",7676
"2755",7677
"2756",7681
"2757",7685
"2758",7688
"2759",7693
"2760",7695
"2761",7699
"2762",7700
"2763",7705
"2764",7709
"2765",7712
"2766",7714
"2767",7715
"2768",7718
"2769",7719
"2770",7720
"2771",7721
"2772",7723
"2773",7727
"2774",7728
"2775",7729
"2776",7732
"2777",7734
"2778",7736
"2779",7737
"2780",7740
"2781",7741
"2782",7745
"2783",7747
"2784",7752
"2785",7756
"2786",7757
"2787",7760
"2788",7766
"2789",7767
"2790",7770
"2791",7771
"2792",7774
"2793",7783
"2794",7785
"2795",7790
"2796",7792
"2797",7793
"2798",7794
"2799",7795
"2800",7801
"2801",7804
"2802",7805
"2803",7806
"2804",7809
"2805",7810
"2806",7816
"2807",7818
"2808",7820
"2809",7831
"2810",7832
"2811",7836
"2812",7844
"2813",7847
"2814",7848
"2815",7849
"2816",7851
"2817",7853
"2818",7855
"2819",7858
"2820",7863
"2821",7865
"2822",7867
"2823",7869
"2824",7870
"2825",7881
"2826",7883
"2827",7884
"2828",7885
"2829",7886
"2830",7887
"2831",7888
"2832",7889
"2833",7893
"2834",7898
"2835",7900
"2836",7906
"2837",7909
"2838",7913
"2839",7917
"2840",7918
"2841",7919
"2842",7921
"2843",7922
"2844",7923
"2845",7925
"2846",7926
"2847",7927
"2848",7934
"2849",7935
"2850",7939
"2851",7945
"2852",7946
"2853",7955
"2854",7956
"2855",7957
"2856",7958
"2857",7959
"2858",7960
"2859",7962
"2860",7964
"2861",7967
"2862",7968
"2863",7969
"2864",7970
"2865",7971
"2866",7974
"2867",7975
"2868",7976
"2869",7978
"2870",7979
"2871",7980
"2872",7985
"2873",7986
"2874",7988
"2875",7989
"2876",7990
"2877",7991
"2878",7993
"2879",7997
"2880",7998
"2881",7999
"2882",8002
"2883",8004
"2884",8005
"2885",8006
"2886",8007
"2887",8017
"2888",8018
"2889",8019
"2890",8020
"2891",8023
"2892",8024
"2893",8026
"2894",8027
"2895",8033
"2896",8038
"2897",8039
"2898",8041
"2899",8042
"2900",8043
"2901",8047
"2902",8048
"2903",8050
"2904",8051
"2905",8052
"2906",8055
"2907",8062
"2908",8063
"2909",8065
"2910",8066
"2911",8068
"2912",8073
"2913",8076
"2914",8078
"2915",8079
"2916",8085
"2917",8090
"2918",8095
"2919",8096
"2920",8098
"2921",8104
"2922",8106
"2923",8109
"2924",8114
"2925",8116
"2926",8117
"2927",8119
"2928",8125
"2929",8126
"2930",8129
"2931",8134
"2932",8135
"2933",8137
"2934",8138
"2935",8140
"2936",8145
"2937",8146
"2938",8147
"2939",8151
"2940",8152
"2941",8155
"2942",8159
"2943",8160
"2944",8167
"2945",8173
"2946",8174
"2947",8176
"2948",8182
"2949",8184
"2950",8188
"2951",8196
"2952",8198
"2953",8202
"2954",8206
"2955",8207
"2956",8208
"2957",8210
"2958",8213
"2959",8217
"2960",8218
"2961",8221
"2962",8222
"2963",8223
"2964",8224
"2965",8225
"2966",8226
"2967",8227
"2968",8229
"2969",8236
"2970",8239
"2971",8244
"2972",8245
"2973",8246
"2974",8248
"2975",8258
"2976",8262
"2977",8272
"2978",8276
"2979",8283
"2980",8284
"2981",8285
"2982",8288
"2983",8294
"2984",8295
"2985",8296
"2986",8300
"2987",8303
"2988",8305
"2989",8306
"2990",8313
"2991",8314
"2992",8316
"2993",8317
"2994",8322
"2995",8329
"2996",8331
"2997",8332
"2998",8333
"2999",8334
"3000",8335
"3001",8338
"3002",8341
"3003",8348
"3004",8349
"3005",8350
"3006",8351
"3007",8353
"3008",8354
"3009",8355
"3010",8358
"3011",8360
"3012",8364
"3013",8370
"3014",8374
"3015",8379
"3016",8381
"3017",8383
"3018",8384
"3019",8386
"3020",8387
"3021",8391
"3022",8393
"3023",8405
"3024",8406
"3025",8407
"3026",8408
"3027",8411
"3028",8414
"3029",8416
"3030",8417
"3031",8418
"3032",8419
"3033",8422
"3034",8428
"3035",8429
"3036",8431
"3037",8433
"3038",8434
"3039",8435
"3040",8440
"3041",8442
"3042",8448
"3043",8454
"3044",8456
"3045",8460
"3046",8461
"3047",8467
"3048",8468
"3049",8470
"3050",8473
"3051",8474
"3052",8475
"3053",8476
"3054",8479
"3055",8480
"3056",8482
"3057",8487
"3058",8488
"3059",8491
"3060",8492
"3061",8493
"3062",8496
"3063",8497
"3064",8504
"3065",8505
"3066",8506
"3067",8518
"3068",8519
"3069",8520
"3070",8521
"3071",8522
"3072",8524
"3073",8526
"3074",8528
"3075",8529
"3076",8530
"3077",8532
"3078",8538
"3079",8548
"3080",8550
"3081",8556
"3082",8559
"3083",8560
"3084",8561
"3085",8563
"3086",8564
"3087",8567
"3088",8570
"3089",8573
"3090",8575
"3091",8577
"3092",8578
"3093",8581
"3094",8589
"3095",8593
"3096",8596
"3097",8602
"3098",8603
"3099",8604
"3100",8605
"3101",8606
"3102",8607
"3103",8608
"3104",8612
"3105",8613
"3106",8617
"3107",8618
"3108",8619
"3109",8621
"3110",8623
"3111",8624
"3112",8627
"3113",8629
"3114",8630
"3115",8632
"3116",8635
"3117",8637
"3118",8638
"3119",8639
"3120",8643
"3121",8649
"3122",8653
"3123",8655
"3124",8663
"3125",8664
"3126",8665
"3127",8666
"3128",8672
"3129",8673
"3130",8681
"3131",8684
"3132",8690
"3133",8691
"3134",8694
"3135",8700
"3136",8707
"3137",8709
"3138",8710
"3139",8712
"3140",8713
"3141",8717
"3142",8718
"3143",8719
"3144",8722
"3145",8727
"3146",8730
"3147",8734
"3148",8737
"3149",8742
"3150",8743
"3151",8747
"3152",8748
"3153",8750
"3154",8751
"3155",8754
"3156",8755
"3157",8760
"3158",8764
"3159",8766
"3160",8780
"3161",8784
"3162",8785
"3163",8788
"3164",8790
"3165",8795
"3166",8796
"3167",8798
"3168",8800
"3169",8801
"3170",8802
"3171",8805
"3172",8809
"3173",8812
"3174",8813
"3175",8815
"3176",8817
"3177",8820
"3178",8821
"3179",8824
"3180",8831
"3181",8832
"3182",8834
"3183",8840
"3184",8841
"3185",8845
"3186",8849
"3187",8851
"3188",8854
"3189",8857
"3190",8865
"3191",8866
"3192",8867
"3193",8869
"3194",8870
"3195",8871
"3196",8878
"3197",8879
"3198",8883
"3199",8884
"3200",8885
"3201",8889
"3202",8891
"3203",8892
"3204",8895
"3205",8896
"3206",8897
"3207",8898
"3208",8900
"3209",8906
"3210",8908
"3211",8910
"3212",8912
"3213",8922
"3214",8924
"3215",8926
"3216",8932
"3217",8941
"3218",8952
"3219",8958
"3220",8966
"3221",8967
"3222",8974
"3223",8975
"3224",8976
"3225",8978
"3226",8979
"3227",8982
"3228",8984
"3229",8985
"3230",8992
"3231",8993
"3232",9003
"3233",9007
"3234",9009
"3235",9012
"3236",9014
"3237",9020
"3238",9021
"3239",9022
"3240",9023
"3241",9024
"3242",9025
"3243",9031
"3244",9033
"3245",9036
"3246",9038
"3247",9041
"3248",9042
"3249",9044
"3250",9047
"3251",9048
"3252",9049
"3253",9050
"3254",9055
"3255",9057
"3256",9058
"3257",9061
"3258",9063
"3259",9068
"3260",9071
"3261",9072
"3262",9075
"3263",9076
"3264",9078
"3265",9081
"3266",9082
"3267",9085
"3268",9086
"3269",9087
"3270",9092
"3271",9098
"3272",9099
"3273",9105
"3274",9110
"3275",9116
"3276",9118
"3277",9121
"3278",9124
"3279",9125
"3280",9126
"3281",9128
"3282",9130
"3283",9131
"3284",9132
"3285",9134
"3286",9141
"3287",9143
"3288",9148
"3289",9153
"3290",9157
"3291",9158
"3292",9160
"3293",9161
"3294",9162
"3295",9163
"3296",9178
"3297",9182
"3298",9184
"3299",9185
"3300",9192
"3301",9193
"3302",9194
"3303",9196
"3304",9197
"3305",9199
"3306",9200
"3307",9202
"3308",9203
"3309",9206
"3310",9208
"3311",9213
"3312",9215
"3313",9216
"3314",9218
"3315",9219
"3316",9223
"3317",9224
"3318",9225
"3319",9228
"3320",9230
"3321",9232
"3322",9234
"3323",9236
"3324",9237
"3325",9240
"3326",9243
"3327",9244
"3328",9245
"3329",9246
"3330",9247
"3331",9251
"3332",9253
"3333",9255
"3334",9256
"3335",9260
"3336",9261
"3337",9264
"3338",9265
"3339",9270
"3340",9271
"3341",10001
"3342",10005
"3343",10006
"3344",10015
"3345",10016
"3346",10017
"3347",10018
"3348",10021
"3349",10022
"3350",10023
"3351",10024
"3352",10025
"3353",10026
"3354",10028
"3355",10029
"3356",10030
"3357",10035
"3358",10036
"3359",10038
"3360",10039
"3361",10041
"3362",10045
"3363",10046
"3364",10047
"3365",10049
"3366",10050
"3367",10051
"3368",10052
"3369",10055
"3370",10059
"3371",10060
"3372",10061
"3373",10062
"3374",10063
"3375",10064
"3376",10065
"3377",10066
"3378",10067
"3379",10068
"3380",10069
"3381",10072
"3382",10073
"3383",10074
"3384",10075
"3385",10076
"3386",10079
"3387",10081
"3388",10082
"3389",10083
"3390",10084
"3391",10089
"3392",10090
"3393",10092
"3394",10094
"3395",10095
